{
    "SFH": {
        "0-1859": {
            "rt1": 0.613,
            "rt2": 0.0,
            "ow1": 0.7753,
            "ow2": 0.0,
            "gf1": 0.0,
            "gf2": 0.3904,
            "win1": 0.1315,
            "win2": 0.0,
            "door": 0.009
        },
        "1860-1918": {
            "rt1": 0.585,
            "rt2": 0.0,
            "ow1": 1.366,
            "ow2": 0.0,
            "gf1": 0.3211,
            "gf2": 0.2303,
            "win1": 0.157,
            "win2": 0.0,
            "door": 0.014
        },
        "1919-1948": {
            "rt1": 0.7063,
            "rt2": 0.0,
            "ow1": 0.7766,
            "ow2": 0.0,
            "gf1": 0.47822,
            "gf2": 0.0,
            "win1": 0.173,
            "win2": 0.0,
            "door": 0.0066
        },
        "1949-1957": {
            "rt1": 1.13,
            "rt2": 0.0,
            "ow1": 1.0613,
            "ow2": 0.0,
            "gf1": 0.559,
            "gf2": 0.161,
            "win1": 0.166,
            "win2": 0.0,
            "door": 0.018
        },
        "1958-1968": {
            "rt1": 1.396,
            "rt2": 0.0,
            "ow1": 1.167,
            "ow2": 0.072,
            "gf1": 0.957,
            "gf2": 0.0,
            "win1": 0.224,
            "win2": 0.0,
            "door": 0.017
        },
        "1969-1978": {
            "rt1": 1.05838,
            "rt2": 0.0,
            "ow1": 1.0266,
            "ow2": 0.0,
            "gf1": 0.4526,
            "gf2": 0.4277,
            "win1": 0.1977,
            "win2": 0.0,
            "door": 0.01156
        },
        "1979-1983": {
            "rt1": 0.46667,
            "rt2": 0.0,
            "ow1": 0.738,
            "ow2": 0.0,
            "gf1": 0.386,
            "gf2": 0.0,
            "win1": 0.125,
            "win2": 0.0,
            "door": 0.00926
        },
        "1984-1994": {
            "rt1": 0.8213,
            "rt2": 0.0,
            "ow1": 1.409,
            "ow2": 0.0,
            "gf1": 0.502,
            "gf2": 0.0,
            "win1": 0.198,
            "win2": 0.0,
            "door": 0.01333
        },
        "1995-2001": {
            "rt1": 0.947,
            "rt2": 0.0,
            "ow1": 1.038,
            "ow2": 0.0,
            "gf1": 0.691,
            "gf2": 0.0,
            "win1": 0.266,
            "win2": 0.0,
            "door": 0.016
        },
        "2002-2009": {
            "rt1": 0.58435,
            "rt2": 0.0,
            "ow1": 1.285,
            "ow2": 0.0,
            "gf1": 0.543,
            "gf2": 0.0,
            "win1": 0.1925,
            "win2": 0.0,
            "door": 0.0136
        },
        "2010-2015": {
            "rt1": 0.70535,
            "rt2": 0.0,
            "ow1": 1.217,
            "ow2": 0.0,
            "gf1": 0.57647,
            "gf2": 0.0,
            "win1": 0.2246,
            "win2": 0.0,
            "door": 0.014
        },
        "2016-2100": {
            "rt1": 0.70535,
            "rt2": 0.0,
            "ow1": 1.217,
            "ow2": 0.0,
            "gf1": 0.57647,
            "gf2": 0.0,
            "win1": 0.2246,
            "win2": 0.0,
            "door": 0.014
        }
    },
    "TH": {
        "1860-1918": {
            "rt1": 0.625,
            "rt2": 0.0,
            "ow1": 0.77604,
            "ow2": 0.0,
            "gf1": 0.625,
            "gf2": 0.0,
            "win1": 0.18854,
            "win2": 0.0,
            "door": 0.02083
        },
        "1919-1948": {
            "rt1": 0.44602,
            "rt2": 0.0,
            "ow1": 0.56726,
            "ow2": 0.0,
            "gf1": 0.44602,
            "gf2": 0.0,
            "win1": 0.19027,
            "win2": 0.0,
            "door": 0.0177
        },
        "1949-1957": {
            "rt1": 0.54133,
            "rt2": 0.0,
            "ow1": 0.898,
            "ow2": 0.0,
            "gf1": 0.54133,
            "gf2": 0.0,
            "win1": 0.31133,
            "win2": 0.0,
            "door": 0.01333
        },
        "1958-1968": {
            "rt1": 0.39487,
            "rt2": 0.0,
            "ow1": 0.3453,
            "ow2": 0.0,
            "gf1": 0.39487,
            "gf2": 0.0,
            "win1": 0.11538,
            "win2": 0.0,
            "door": 0.01709
        },
        "1969-1978": {
            "rt1": 0.57453,
            "rt2": 0.0,
            "ow1": 0.5066,
            "ow2": 0.0,
            "gf1": 0.57453,
            "gf2": 0.0,
            "win1": 0.22075,
            "win2": 0.0,
            "door": 0.01887
        },
        "1979-1983": {
            "rt1": 0.9037,
            "rt2": 0.0,
            "ow1": 0.50093,
            "ow2": 0.0,
            "gf1": 0.67593,
            "gf2": 0.0,
            "win1": 0.18796,
            "win2": 0.0,
            "door": 0.01852
        },
        "1984-1994": {
            "rt1": 0.50703,
            "rt2": 0.0,
            "ow1": 0.39766,
            "ow2": 0.0,
            "gf1": 0.43828,
            "gf2": 0.0,
            "win1": 0.14688,
            "win2": 0.0,
            "door": 0.01563
        },
        "1995-2001": {
            "rt1": 0.51946,
            "rt2": 0.0,
            "ow1": 0.30336,
            "ow2": 0.09329,
            "gf1": 0.34832,
            "gf2": 0.0,
            "win1": 0.15034,
            "win2": 0.0,
            "door": 0.01678
        },
        "2002-2009": {
            "rt1": 0.60066,
            "rt2": 0.0,
            "ow1": 0.92566,
            "ow2": 0.0,
            "gf1": 0.46513,
            "gf2": 0.0,
            "win1": 0.23882,
            "win2": 0.0,
            "door": 0.01316
        },
        "2010-2015": {
            "rt1": 0.38622,
            "rt2": 0.0,
            "ow1": 0.70306,
            "ow2": 0.35306,
            "gf1": 0.34592,
            "gf2": 0.0,
            "win1": 0.1301,
            "win2": 0.01327,
            "door": 0.01378
        },
        "2016-2100": {
            "rt1": 0.38622,
            "rt2": 0.0,
            "ow1": 0.70306,
            "ow2": 0.35306,
            "gf1": 0.34592,
            "gf2": 0.0,
            "win1": 0.1301,
            "win2": 0.01327,
            "door": 0.01378
        }
    },
    "AB": {
        "1860-1918": {
            "rt1": 0.27961,
            "rt2": 0.0,
            "ow1": 0.3684,
            "ow2": 0.0,
            "gf1": 0.19747,
            "gf2": 0.0,
            "win1": 0.16429,
            "win2": 0.0,
            "door": 0.00241
        },
        "1919-1948": {
            "rt1": 0.25889,
            "rt2": 0.0,
            "ow1": 0.83827,
            "ow2": 0.0,
            "gf1": 0.26658,
            "gf2": 0.0,
            "win1": 0.18767,
            "win2": 0.0,
            "door": 0.00135
        },
        "1949-1957": {
            "rt1": 0.22052,
            "rt2": 0.0,
            "ow1": 0.85839,
            "ow2": 0.0,
            "gf1": 0.22052,
            "gf2": 0.0,
            "win1": 0.18397,
            "win2": 0.0,
            "door": 0.00125
        },
        "1958-1968": {
            "rt1": 0.12339,
            "rt2": 0.0,
            "ow1": 0.83555,
            "ow2": 0.0,
            "gf1": 0.11814,
            "gf2": 0.0,
            "win1": 0.17674,
            "win2": 0.0,
            "door": 0.00051
        },
        "1969-1978": {
            "rt1": 0.16255,
            "rt2": 0.0,
            "ow1": 0.64118,
            "ow2": 0.0,
            "gf1": 0.16255,
            "gf2": 0.0,
            "win1": 0.16406,
            "win2": 0.0,
            "door": 0.0006
        }
    },
    "MFH": {
        "0-1859": {
            "rt1": 0.41965,
            "rt2": 0.0,
            "ow1": 1.10679,
            "ow2": 0.0,
            "gf1": 0.18434,
            "gf2": 0.07238,
            "win1": 0.15805,
            "win2": 0.0,
            "door": 0.00295
        },
        "1860-1918": {
            "rt1": 0.32949,
            "rt2": 0.0,
            "ow1": 0.46795,